<?xml version="1.0" encoding="UTF-8"?>
<project-private xmlns="http://www.netbeans.org/ns/project-private/1">
    <editor-bookmarks xmlns="http://www.netbeans.org/ns/editor-bookmarks/2" lastBookmarkId="0"/>
    <open-files xmlns="http://www.netbeans.org/ns/projectui-open-files/2">
        <group>
            <file>file:/C:/Users/Umid/Downloads/Group_15/src/administrator/AdminMenu.java</file>
            <file>file:/C:/Users/Umid/Downloads/Group_15/src/administrator/GenerateReceipt.java</file>
            <file>file:/C:/Users/Umid/Downloads/Group_15/src/group_15/LoginPage.java</file>
            <file>file:/C:/Users/Umid/Downloads/Group_15/src/administrator/Customer.java</file>
            <file>file:/C:/Users/Umid/Downloads/Group_15/src/administrator/UserRegistration.java</file>
            <file>file:/C:/Users/Umid/Downloads/Group_15/src/administrator/SendReceipt.java</file>
            <file>file:/C:/Users/Umid/Downloads/Group_15/src/administrator/User.java</file>
            <file>file:/C:/Users/Umid/Downloads/Group_15/src/administrator/AdminBackend.java</file>
            <file>file:/C:/Users/Umid/Downloads/Group_15/src/administrator/TopUpCredit.java</file>
            <file>file:/C:/Users/Umid/Downloads/Group_15/receipts.txt</file>
        </group>
    </open-files>
</project-private>
